{
  "meta": {
    "source": "pysiaf",
    "pysiaf_version": "0.25.0",
    "instrument": "Roman WFI",
    "description": "SIAF data for 18 WFI SCAs, extracted from pysiaf for use in RomanView observation planner"
  },
  "boresight": {
    "v2": 1546.3846181707652,
    "v3": -892.7916365721071
  },
  "detectors": {
    "WFI01": {
      "v2Ref": 1312.9491452484797,
      "v3Ref": -1040.7853726755036,
      "v3IdlYAngle": -60.0,
      "vIdlParity": -1,
      "xSciScale": 0.109320191,
      "ySciScale": 0.10639529,
      "xDetSize": 4096,
      "yDetSize": 4096,
      "corners_v2v3": [
        [
          1617.0505,
          -955.6838
        ],
        [
          1390.9086,
          -1344.4245
        ],
        [
          1006.5658,
          -1125.5299
        ],
        [
          1233.5816,
          -734.5289
        ]
      ]
    },
    "WFI02": {
      "v2Ref": 1769.4296433154218,
      "v3Ref": -1304.001957359213,
      "v3IdlYAngle": -60.0,
      "vIdlParity": -1,
      "xSciScale": 0.109320191,
      "ySciScale": 0.10639529,
      "xDetSize": 4096,
      "yDetSize": 4096,
      "corners_v2v3": [
        [
          2068.4508,
          -1217.8619
        ],
        [
          1843.8137,
          -1603.2462
        ],
        [
          1467.3689,
          -1389.759
        ],
        [
          1693.2675,
          -1001.5509
        ]
      ]
    },
    "WFI03": {
      "v2Ref": 2177.849808423873,
      "v3Ref": -1539.2214805557055,
      "v3IdlYAngle": -60.0,
      "vIdlParity": -1,
      "xSciScale": 0.109320191,
      "ySciScale": 0.10639529,
      "xDetSize": 4096,
      "yDetSize": 4096,
      "corners_v2v3": [
        [
          2471.285,
          -1451.9884
        ],
        [
          2248.3556,
          -1833.7182
        ],
        [
          1880.7567,
          -1626.0803
        ],
        [
          2105.285,
          -1241.0207
        ]
      ]
    },
    "WFI04": {
      "v2Ref": 984.2717068552703,
      "v3Ref": -1414.9513952741322,
      "v3IdlYAngle": -60.0,
      "vIdlParity": -1,
      "xSciScale": 0.109320191,
      "ySciScale": 0.10639529,
      "xDetSize": 4096,
      "yDetSize": 4096,
      "corners_v2v3": [
        [
          1290.2203,
          -1330.1953
        ],
        [
          1062.6587,
          -1716.0574
        ],
        [
          676.8552,
          -1498.9129
        ],
        [
          904.6235,
          -1110.6169
        ]
      ]
    },
    "WFI05": {
      "v2Ref": 1441.4486892728355,
      "v3Ref": -1679.1936336758854,
      "v3IdlYAngle": -60.0,
      "vIdlParity": -1,
      "xSciScale": 0.109320191,
      "ySciScale": 0.10639529,
      "xDetSize": 4096,
      "yDetSize": 4096,
      "corners_v2v3": [
        [
          1743.0943,
          -1593.289
        ],
        [
          1516.2653,
          -1975.5596
        ],
        [
          1137.5302,
          -1764.2833
        ],
        [
          1364.9965,
          -1379.013
        ]
      ]
    },
    "WFI06": {
      "v2Ref": 1848.9071931161282,
      "v3Ref": -1913.774803043305,
      "v3IdlYAngle": -60.0,
      "vIdlParity": -1,
      "xSciScale": 0.109320191,
      "ySciScale": 0.10639529,
      "xDetSize": 4096,
      "yDetSize": 4096,
      "corners_v2v3": [
        [
          2145.616,
          -1826.6893
        ],
        [
          1919.8698,
          -2205.1533
        ],
        [
          1549.2605,
          -2000.0532
        ],
        [
          1776.0336,
          -1618.1425
        ]
      ]
    },
    "WFI07": {
      "v2Ref": 536.014439839392,
      "v3Ref": -1718.7477566076013,
      "v3IdlYAngle": -60.0,
      "vIdlParity": -1,
      "xSciScale": 0.109320191,
      "ySciScale": 0.10639529,
      "xDetSize": 4096,
      "yDetSize": 4096,
      "corners_v2v3": [
        [
          843.3105,
          -1635.4857
        ],
        [
          615.8999,
          -2017.5029
        ],
        [
          228.2685,
          -1800.7796
        ],
        [
          455.1256,
          -1416.347
        ]
      ]
    },
    "WFI08": {
      "v2Ref": 995.1385139326396,
      "v3Ref": -1984.9455333000794,
      "v3IdlYAngle": -60.0,
      "vIdlParity": -1,
      "xSciScale": 0.109320191,
      "ySciScale": 0.10639529,
      "xDetSize": 4096,
      "yDetSize": 4096,
      "corners_v2v3": [
        [
          1299.2715,
          -1900.4908
        ],
        [
          1071.658,
          -2278.868
        ],
        [
          689.719,
          -2068.1668
        ],
        [
          917.2169,
          -1686.8018
        ]
      ]
    },
    "WFI09": {
      "v2Ref": 1397.0699110060166,
      "v3Ref": -2221.323932411849,
      "v3IdlYAngle": -60.0,
      "vIdlParity": -1,
      "xSciScale": 0.109320191,
      "ySciScale": 0.10639529,
      "xDetSize": 4096,
      "yDetSize": 4096,
      "corners_v2v3": [
        [
          1697.3018,
          -2135.641
        ],
        [
          1469.9773,
          -2510.2
        ],
        [
          1094.8816,
          -2305.7661
        ],
        [
          1322.4794,
          -1927.7905
        ]
      ]
    },
    "WFI10": {
      "v2Ref": 1557.339968333944,
      "v3Ref": -617.4160501879029,
      "v3IdlYAngle": -60.0,
      "vIdlParity": -1,
      "xSciScale": 0.109320191,
      "ySciScale": 0.10639529,
      "xDetSize": 4096,
      "yDetSize": 4096,
      "corners_v2v3": [
        [
          1859.3814,
          -533.0018
        ],
        [
          1635.7412,
          -923.2382
        ],
        [
          1252.3781,
          -701.9164
        ],
        [
          1477.4663,
          -309.7662
        ]
      ]
    },
    "WFI11": {
      "v2Ref": 2013.738820229958,
      "v3Ref": -880.9180501879027,
      "v3IdlYAngle": -60.0,
      "vIdlParity": -1,
      "xSciScale": 0.109320191,
      "ySciScale": 0.10639529,
      "xDetSize": 4096,
      "yDetSize": 4096,
      "corners_v2v3": [
        [
          2310.1866,
          -795.6004
        ],
        [
          2088.6844,
          -1182.8518
        ],
        [
          1713.6468,
          -966.281
        ],
        [
          1936.9363,
          -576.5007
        ]
      ]
    },
    "WFI12": {
      "v2Ref": 2421.7629853384096,
      "v3Ref": -1116.8234655041927,
      "v3IdlYAngle": -60.0,
      "vIdlParity": -1,
      "xSciScale": 0.109320191,
      "ySciScale": 0.10639529,
      "xDetSize": 4096,
      "yDetSize": 4096,
      "corners_v2v3": [
        [
          2712.1831,
          -1030.5307
        ],
        [
          2492.9578,
          -1414.4567
        ],
        [
          2127.1233,
          -1203.1758
        ],
        [
          2348.431,
          -816.1856
        ]
      ]
    },
    "WFI13": {
      "v2Ref": 1717.074529940734,
      "v3Ref": -145.62767376020136,
      "v3IdlYAngle": -60.0,
      "vIdlParity": -1,
      "xSciScale": 0.109320191,
      "ySciScale": 0.10639529,
      "xDetSize": 4096,
      "yDetSize": 4096,
      "corners_v2v3": [
        [
          2017.1655,
          -62.7904
        ],
        [
          1796.7009,
          -452.9409
        ],
        [
          1413.5868,
          -228.9769
        ],
        [
          1636.0047,
          162.5989
        ]
      ]
    },
    "WFI14": {
      "v2Ref": 2174.7230431019075,
      "v3Ref": -409.2691969566936,
      "v3IdlYAngle": -60.0,
      "vIdlParity": -1,
      "xSciScale": 0.109320191,
      "ySciScale": 0.10639529,
      "xDetSize": 4096,
      "yDetSize": 4096,
      "corners_v2v3": [
        [
          2468.9217,
          -325.7206
        ],
        [
          2251.1743,
          -713.4012
        ],
        [
          1876.4258,
          -493.3045
        ],
        [
          2096.4346,
          -103.5293
        ]
      ]
    },
    "WFI15": {
      "v2Ref": 2581.7807238597356,
      "v3Ref": -644.616612272983,
      "v3IdlYAngle": -60.0,
      "vIdlParity": -1,
      "xSciScale": 0.109320191,